Name	CrosslinkAminoAcid	CrosslinkerAminoAcid2	Cleavable	DissociationType	CrosslinkerTotalMass	CrosslinkerShortMass	CrosslinkerLongMass	QuenchMassH2O	QuenchMassNH2	QuenchMassTris
DSSO	K	K	T	CID|HCD	158.0038	54.01056	85.982635	176.0143	175.0303	279.0777
DSS	K	K	F		138.06808	0	0	156.0786	155.0946	259.142
DSUB	K	K	T	CID|HCD	196.0848	85.05276	111.032	214.0954	213.1113	317.1587
DisulfideBond	C	C	T	CID|HCD	-2.01565	-33.98772	31.97207	0	0	0
LeiKer_bAL2	K	K	F		704.299	0	0	722.31	721.326	825.3734
Leiker_clv	K	K	F		316.142	0	0	334.153	333.169	437.2164
